id;submited;started_on;submited_on;sented_on
1;true;2021-11-21T20:15:49;2021-11-21T15:38:45;2021-11-21T20:01:49
2;false;2021-11-21T19:13:40;2021-11-21T06:16:45;2021-11-21T02:33:00
3;true;2021-11-21T02:36:06;2021-11-21T08:46:48;2021-11-21T21:23:45
4;false;2021-11-21T21:12:03;2021-11-21T04:22:36;2021-11-21T07:55:38
5;true;2021-11-21T21:09:18;2021-11-21T07:05:03;2021-11-21T15:30:12
6;true;2021-11-21T07:55:33;2021-11-21T17:42:20;2021-11-21T02:23:49
7;false;2021-11-21T16:03:59;2021-11-21T04:25:55;2021-11-21T20:42:50
8;true;2021-11-21T14:34:10;2021-11-21T04:05:19;2021-11-21T15:26:55
9;false;2021-11-21T02:38:55;2021-11-21T12:08:07;2021-11-21T21:23:07
10;false;2021-11-21T05:12:42;2021-11-21T03:49:35;2021-11-21T05:44:51
